engine,N,compute_ms,frame_ms,fps
gpu_p3m_512,20,3.5530,4.1185,242.80
gpu_p3m_512,30,3.5538,4.1136,243.10
gpu_p3m_512,40,3.5628,4.1129,243.14
gpu_p3m_512,52,3.5546,4.1164,242.93
gpu_p3m_512,67,3.5630,4.1151,243.01
gpu_p3m_512,87,3.6136,4.2115,237.45
gpu_p3m_512,113,3.5436,4.1214,242.64
gpu_p3m_512,146,3.5648,4.1313,242.05
gpu_p3m_512,189,3.5548,4.1308,242.08
gpu_p3m_512,245,3.5626,4.1214,242.64
gpu_p3m_512,318,3.5685,4.2469,235.47
gpu_p3m_512,413,3.5527,4.2977,232.68
gpu_p3m_512,536,3.5682,4.1137,243.09
gpu_p3m_512,696,3.5717,4.1275,242.28
gpu_p3m_512,904,3.5587,4.1269,242.31
gpu_p3m_512,1175,3.5596,4.1069,243.49
gpu_p3m_512,1527,3.5602,4.1324,241.99
gpu_p3m_512,1985,3.5643,4.1086,243.39
gpu_p3m_512,2580,3.5571,4.1102,243.30
gpu_p3m_512,3354,3.5797,4.1258,242.38
gpu_p3m_512,4360,3.5662,4.1169,242.90
gpu_p3m_512,5668,3.5906,4.1306,242.10
gpu_p3m_512,7368,3.5913,4.1391,241.60
gpu_p3m_512,9578,3.5796,4.1662,240.02
gpu_p3m_512,12451,3.5587,4.1024,243.76
gpu_p3m_512,16186,3.5779,4.1313,242.06
gpu_p3m_512,21041,3.5822,4.1392,241.59
gpu_p3m_512,27353,3.5878,4.1349,241.84
gpu_p3m_512,35558,3.5849,5.1438,194.41
gpu_p3m_512,46225,3.6169,4.1750,239.52
gpu_p3m_512,60092,3.6521,4.2088,237.60
gpu_p3m_512,78119,3.6633,4.2126,237.38
gpu_p3m_512,101554,3.7160,4.2711,234.13
gpu_p3m_512,132020,3.7621,4.3246,231.24
gpu_p3m_512,171626,3.8668,4.4336,225.55
gpu_p3m_512,223113,3.9882,4.5642,219.10
gpu_p3m_512,290046,4.2198,4.8072,208.02
gpu_p3m_512,377059,4.5287,5.1035,195.94
